"","p_val","avg_log2FC","pct.1","pct.2","p_val_adj"
"MT-ND1",3.42734250320665e-146,-1.39687976755299,0.871,0.933,1.15847603950888e-141
"MT-CO2",2.34507507567192e-136,-1.13376383829899,0.956,0.975,7.92658826327866e-132
"MT-ATP6",4.78742942663785e-136,-1.28879021209564,0.949,0.974,1.61819902049786e-131
"IFI6",9.13756086217829e-134,-2.03912797395071,0.167,0.489,3.08858694702488e-129
"MT-ND2",3.09825713452148e-131,-1.3152471604622,0.882,0.942,1.04724189403961e-126
"PLCG2",2.51163622592691e-118,4.40354970895945,0.567,0.172,8.48958160725554e-114
"MT-CYB",1.63292017787271e-112,-1.18406882755254,0.912,0.957,5.51943349322755e-108
"MT-ND3",8.05719345477344e-110,-1.24535859548142,0.942,0.965,2.72341195964797e-105
"MT-ND4",8.75173054025442e-108,-1.01393333373955,0.951,0.966,2.9581724399114e-103
"MTRNR2L12",7.99315437064461e-103,2.40776893243574,0.537,0.176,2.70176610882159e-98
"MT-CO3",1.77696677705749e-72,-0.737435656285677,0.953,0.976,6.00632540313202e-68
"MT-ND5",5.68972610580258e-71,-0.833396320174135,0.804,0.889,1.92318432102233e-66
"MT1X",1.39444680385677e-59,1.86654930640517,0.508,0.253,4.71336964171626e-55
"MT-CO1",2.59179752497555e-56,-0.557718421123581,0.959,0.963,8.76053481416984e-52
"MT1H",5.01577951423699e-56,2.12942298862579,0.337,0.099,1.69538363360724e-51
"MT-ND4L",6.53008049640056e-56,-0.823553961038943,0.728,0.815,2.20723250858835e-51
"MT1G",3.65381779349094e-50,2.11527105820716,0.519,0.304,1.23502695237787e-45
"IGFBP7",8.06165807987627e-48,-1.08519050404057,0.582,0.709,2.72492104757898e-43
"S100A2",1.01020016785423e-46,-1.49438678880412,0.43,0.59,3.41457758736408e-42
"NEAT1",3.78914480363431e-46,0.789277830812241,0.856,0.735,1.28076883507643e-41
"MT-ATP8",4.09949587961889e-44,-0.926513754666548,0.572,0.71,1.38567060226998e-39
"BST2",3.71747021830219e-42,-1.20956062584954,0.107,0.259,1.25654210848832e-37
"MT1M",9.13293639993687e-41,1.53208452022865,0.273,0.084,3.08702383254266e-36
"HSPH1",1.42758910887108e-38,0.955920821257415,0.488,0.267,4.82539394689514e-34
"PELI1",3.48193782164131e-35,0.837711817569095,0.299,0.113,1.17692980309298e-30
"BCAM",9.36535055150704e-35,-0.954730552631327,0.213,0.371,3.1655821399149e-30
"GADD45B",2.02379574323444e-33,0.765045003213487,0.433,0.221,6.84063199170672e-29
"DNAJB1",2.11893629327585e-33,0.794436749967533,0.423,0.217,7.1622165649017e-29
"HLA-C",7.94752259148526e-33,-0.802880023356087,0.543,0.645,2.68634211114793e-28
"HLA-A",2.16705551948453e-32,-0.690565322494806,0.645,0.733,7.32486436140965e-28
"HSPA1A",4.1818262724697e-32,0.862719131526461,0.52,0.315,1.41349909835748e-27
"ERO1A",2.46920439919009e-30,1.08941347267639,0.426,0.248,8.34615778970242e-26
"GLUL",2.59796725572487e-30,0.724111332998194,0.481,0.294,8.78138912107563e-26
"HMOX1",2.72397214034211e-30,0.967851434494213,0.293,0.122,9.20729823157037e-26
"C15orf48",3.91002232261748e-29,0.542345751090473,0.432,0.24,1.32162664526794e-24
"HLA-B",1.59368537157795e-28,-0.691036921625292,0.697,0.751,5.38681592447062e-24
"FTL",5.3771101327885e-28,0.857216653628035,0.887,0.827,1.81751699598384e-23
"ATF3",5.48265554299557e-28,0.505872117893293,0.524,0.32,1.85319240008793e-23
"JUNB",1.02630497959344e-27,0.498305586799367,0.511,0.304,3.4690134615238e-23
"RHOB",1.59904531498379e-27,0.655419046428773,0.383,0.204,5.40493306917671e-23
"BAG3",5.87996692837744e-27,0.654601536814622,0.282,0.12,1.98748762146086e-22
"ABHD5",6.04359038688557e-27,0.730429071887768,0.311,0.147,2.04279398667119e-22
"IFITM3",1.4684681405609e-26,-0.892135486953671,0.438,0.548,4.96356916190991e-22
"SLPI",5.31695400475744e-26,1.2968365937818,0.404,0.242,1.79718362314806e-21
"HSP90AA1",7.21500745599094e-26,0.784078013641895,0.803,0.704,2.4387446701995e-21
"IER5",1.18587948665102e-25,0.506212378650793,0.258,0.102,4.00839125282911e-21
"LGALS3BP",1.61620597562885e-25,-0.781596956343403,0.144,0.265,5.46293781822308e-21
"IER2",1.76225219506753e-25,0.473863543705046,0.499,0.301,5.95658864454775e-21
"YWHAG",1.76330797265645e-25,0.411207362173675,0.324,0.157,5.96015727837608e-21
"DUSP1",3.02929130126713e-25,0.569980008554698,0.468,0.279,1.0239307527413e-20
"ARRDC3",4.40442835781216e-25,0.534958756631336,0.365,0.195,1.48874082922409e-20
"CEBPB",7.62041771283295e-25,0.432147753207019,0.352,0.177,2.57577739111466e-20
"CDKN1A",8.13660437819241e-25,0.415801664899951,0.489,0.299,2.75025364587282e-20
"SGK1",1.04742566789544e-24,0.610313242453324,0.25,0.101,3.54040350005337e-20
"MXD1",2.72196027245632e-24,0.639780666952533,0.444,0.27,9.20049791692962e-20
"RAB1A",7.66305790337707e-24,0.419092688695921,0.437,0.259,2.59019020192048e-19
"HLA-DRA",1.06271373028029e-23,0.691914542770148,0.301,0.15,3.5920786797204e-19
"HSPA8",1.20080468434606e-23,0.568421115544,0.551,0.374,4.05883991355813e-19
"RYBP",2.14678523007203e-23,0.459535360726419,0.395,0.222,7.25634875616648e-19
"PNRC1",3.66622971702683e-23,0.459383997592522,0.469,0.289,1.23922230665224e-18
"QKI",4.26650050657653e-23,0.469445552330187,0.427,0.252,1.44211983622793e-18
"DNAJA1",7.2237608385898e-23,0.458144938932514,0.496,0.323,2.44170340105174e-18
"GBE1",8.31761685525995e-23,0.496093046162525,0.332,0.17,2.81143767324642e-18
"OAZ1",1.93735521174264e-22,0.40015212003695,0.656,0.469,6.5484543512113e-18
"LYN",2.06701958430047e-22,0.566327635794496,0.347,0.182,6.98673289689401e-18
"RPS10",2.93136464992568e-22,-0.683109626033538,0.483,0.583,9.90830565321379e-18
"LCN2",5.75780526044811e-22,1.6167316298904,0.463,0.319,1.94619575608407e-17
"KRT8",1.20571815396383e-21,-0.722815803886218,0.527,0.618,4.07544793221313e-17
"CPEB4",1.5532962192325e-21,0.50126583546405,0.446,0.281,5.25029655062778e-17
"MARCKS",1.72367493875135e-21,0.569521965717741,0.37,0.214,5.82619366047343e-17
"SDCBP",1.75164184658234e-21,0.39718528152563,0.556,0.371,5.92072460563297e-17
"MBNL1",1.7657632376269e-21,0.523378474030815,0.419,0.259,5.9684563195027e-17
"ZSWIM6",3.21806080268963e-21,0.571235665943318,0.464,0.294,1.08773673191712e-16
"HSPA1B",3.38852144800685e-21,0.646474543729201,0.437,0.277,1.14535413464079e-16
"FOS",3.59108547533589e-21,0.551018521651093,0.357,0.189,1.21382280151828e-16
"UBE2S",3.66308544972979e-21,0.442330146399764,0.264,0.124,1.23815951286317e-16
"CCNG2",4.3858908000057e-21,0.425121559240757,0.334,0.18,1.48247494930993e-16
"DPYD",6.25539516473213e-21,0.486149096080599,0.263,0.124,2.11438611963111e-16
"GNAQ",6.54355263170606e-21,0.451964853309192,0.42,0.257,2.21178622504297e-16
"HIVEP2",6.8050542550352e-21,0.458091338333669,0.417,0.249,2.30017638874445e-16
"CA12",2.82373718797129e-20,-0.828680734157363,0.189,0.302,9.54451406906174e-16
"DLEU2",2.84974707236587e-20,0.488049260562864,0.306,0.161,9.63243007930389e-16
"SERTAD2",3.11958395533801e-20,0.402218707491847,0.253,0.118,1.0544505727438e-15
"LUCAT1",3.95319399914686e-20,0.34594148271074,0.296,0.144,1.33621910365163e-15
"LYST",3.99842843155403e-20,0.608014152013525,0.329,0.185,1.35150879414958e-15
"RDH10",5.37532712770955e-20,0.663925190653256,0.25,0.12,1.81691432243711e-15
"IER3",5.3817699404723e-20,0.453256637044648,0.433,0.265,1.81909205757904e-15
"ZFAND3",5.40547076000855e-20,0.446593692240018,0.579,0.418,1.82710317159049e-15
"ATP6V1B2",5.6637530309756e-20,0.377652240571047,0.254,0.12,1.91440516200006e-15
"P4HA1",7.18783687301432e-20,0.411974918442818,0.291,0.149,2.42956074144757e-15
"FAM214A",8.47393324195107e-20,0.560811076754114,0.27,0.135,2.86427417511188e-15
"BAZ2B",9.13915443579305e-20,0.446726194331248,0.416,0.26,3.08912559084241e-15
"RESF1",9.75471344939245e-20,0.485494672748163,0.283,0.143,3.29719069302914e-15
"HSPA5",1.05976357067105e-19,0.5590365195525,0.484,0.327,3.58210684522523e-15
"CTSL",1.14186938344197e-19,0.666273781453104,0.286,0.153,3.8596327029722e-15
"PMAIP1",1.36549175440658e-19,0.45020422538136,0.316,0.168,4.6154986790697e-15
"GPCPD1",1.83012131962868e-19,0.423669233443135,0.3,0.157,6.18599307247692e-15
"IFI30",3.35971235687611e-19,0.474276113594717,0.299,0.157,1.13561637374769e-14
"PICALM",4.16104215444442e-19,0.472615182825652,0.573,0.41,1.40647385862376e-14
"EIF4G2",4.46809704488766e-19,0.350768873545828,0.538,0.375,1.51026148214248e-14
"CMTM6",4.49996740480655e-19,0.388319087723955,0.359,0.207,1.52103398249866e-14
"PDLIM5",6.03811189535336e-19,0.377240375196581,0.435,0.273,2.04094220174839e-14
"TNFAIP2",6.90509746325358e-19,0.466785569880495,0.344,0.194,2.33399199355434e-14
"CTSB",9.8572945053778e-19,0.636289868626217,0.49,0.34,3.33186411576275e-14
"PTPN12",1.02738096406572e-18,0.415380151962902,0.297,0.161,3.47265039663854e-14
"USP15",1.2143751053734e-18,0.443189102255231,0.333,0.191,4.10470929367263e-14
"PABPC1",1.23678760022798e-18,0.405035566814848,0.609,0.449,4.18046576753059e-14
"EML4",1.40807593224876e-18,0.476929091080263,0.338,0.197,4.75943745859405e-14
"SMCHD1",1.45580539831389e-18,0.432718044594578,0.358,0.214,4.92076782684079e-14
"RIOK3",1.57332402964801e-18,0.350553002612116,0.405,0.249,5.31799255261323e-14
"CCNL1",1.63090731820586e-18,0.395657962346242,0.382,0.229,5.51262982626763e-14
"NIPBL",2.13839441440882e-18,0.323026157289483,0.425,0.267,7.22798696014326e-14
"HES1",2.26441785997801e-18,0.375519061015733,0.38,0.227,7.65395880851168e-14
"MDM2",2.83284162795378e-18,0.491326781804593,0.37,0.226,9.57528798664656e-14
"MAPK8",3.03319941542755e-18,0.359257064596836,0.331,0.189,1.02525173440867e-13
"TTTY14",3.36415843723643e-18,-0.636604920771494,0.186,0.296,1.13711919337029e-13
"DNAJB6",3.62897737740803e-18,0.387672617877429,0.432,0.278,1.22663064333769e-13
"CDH16",4.10328237880423e-18,-0.689648034850741,0.186,0.293,1.38695047685962e-13
"CEMIP2",4.39097190076037e-18,0.461474081477184,0.253,0.128,1.48419241217601e-13
"MAP3K2",4.53213703148038e-18,0.339258833678415,0.268,0.137,1.53190763801068e-13
"BHLHE40",4.83501395674983e-18,0.367090652101412,0.351,0.204,1.63428306752101e-13
"ZFP36",8.37142909925873e-18,0.310976880715135,0.446,0.276,2.82962674984044e-13
"ERRFI1",1.07530970496951e-17,0.423192761586251,0.328,0.187,3.63465433376744e-13
"TXNRD1",1.39252782915361e-17,0.594020340169071,0.388,0.253,4.70688331532212e-13
"VMP1",2.82750854878101e-17,0.373468747675742,0.523,0.359,9.5572616457347e-13
"EIF4A3",2.93302345288385e-17,0.424222847105046,0.277,0.149,9.91391257309271e-13
"TSPAN1",3.3863001560349e-17,-0.71739177197689,0.428,0.504,1.14460331574135e-12
"ATP1B1",3.45763420707272e-17,-0.700946161048609,0.575,0.63,1.16871493833265e-12
"PIAS1",4.70138172878661e-17,0.44066393645399,0.303,0.174,1.58911403814716e-12
"TANK",5.19558823737982e-17,0.397597911066243,0.349,0.214,1.75616078011675e-12
"CTSS",6.02467254879823e-17,0.395456006791249,0.299,0.167,2.03639956821929e-12
"NAMPT",6.27612082202483e-17,0.713063988008441,0.614,0.488,2.12139159905261e-12
"ADM",6.74860284210218e-17,0.352680189547168,0.251,0.127,2.28109524665896e-12
"ZFAND5",7.41030496367373e-17,0.370105712941248,0.465,0.315,2.50475718077136e-12
"ANKRD12",8.20351260187588e-17,0.378724862402614,0.494,0.343,2.77286929456007e-12
"CLIC4",1.12540905813334e-16,0.328449987869453,0.322,0.186,3.80399515739651e-12
"ELF2",1.61024000404007e-16,0.398137335391766,0.375,0.236,5.44277223765583e-12
"TACSTD2",2.01850423233116e-16,-0.547387193455023,0.496,0.589,6.82274615570256e-12
"THUMPD3-AS1",3.36182782921082e-16,0.297607869980726,0.283,0.156,1.13633142455155e-11
"H1FX",3.64848896791406e-16,0.341748440983149,0.451,0.304,1.23322575604463e-11
"UBE2D3",4.00334416829548e-16,0.329698388600894,0.55,0.397,1.35317036232556e-11
"JUN",4.23232588187741e-16,0.532666327926785,0.476,0.329,1.43056847133338e-11
"ZFAND6",4.57661122377612e-16,0.255641004679066,0.388,0.238,1.54694035974856e-11
"HIST1H2AC",4.87238851483939e-16,0.358887833181741,0.359,0.219,1.64691604190086e-11
"LRMDA",5.1712401842609e-16,0.419285438270578,0.355,0.223,1.74793089468203e-11
"PGD",6.86045109206606e-16,0.407730932842628,0.265,0.146,2.31890107362925e-11
"TMEM165",7.79564628423137e-16,0.296778830284259,0.362,0.227,2.63500640053304e-11
"ADK",9.63242173047586e-16,0.328428947873395,0.392,0.251,3.25585486911815e-11
"DDIT4",9.6723213948955e-16,0.454458968444978,0.321,0.188,3.26934135468863e-11
"WSB1",1.06397957500453e-15,0.324179359450234,0.498,0.346,3.59635736147282e-11
"NRIP1",1.46338136354795e-15,0.307655816928004,0.296,0.17,4.94637534692843e-11
"AFF4",1.63824432986881e-15,0.373110423588891,0.437,0.292,5.53742965938955e-11
"UBE2D1",2.11055460572148e-15,0.269638320615728,0.266,0.144,7.13388562279916e-11
"EIF1B",2.2878232518216e-15,0.290509395446816,0.294,0.169,7.73307137348218e-11
"PCBP1",2.83474016011705e-15,0.4342722221676,0.418,0.281,9.58170521521166e-11
"HNRNPU",2.86261730192334e-15,0.328249627972503,0.478,0.331,9.6759327422311e-11
"INTS6",3.24964769029606e-15,0.468915448480316,0.254,0.139,1.09841341579697e-10
"CAP1",3.94117196795166e-15,0.358805266779513,0.443,0.31,1.33215553688734e-10
"SRGN",4.24446730705871e-15,0.443138963862301,0.337,0.201,1.43467239445892e-10
"SKIL",4.384860332589e-15,0.340686416142256,0.308,0.181,1.48212664101841e-10
"DOCK4",7.98609150812809e-15,0.392780800989121,0.305,0.177,2.69937879066238e-10
"MED13L",8.4419096536882e-15,0.349815586062307,0.477,0.334,2.85344988204315e-10
"ISG15",9.65140568767166e-15,-1.08184333295484,0.251,0.34,3.2622716364899e-10
"DSE",9.79563557028794e-15,0.302775122862537,0.256,0.141,3.31102277911303e-10
"BTG2",1.05377891176506e-14,0.264540209320945,0.279,0.158,3.56187809965707e-10
"CPQ",1.68041530014273e-14,0.376344301808012,0.269,0.154,5.67997175601245e-10
"SRSF7",2.10079685407869e-14,0.288208611705916,0.324,0.196,7.10090344647139e-10
"CDKN1C",2.1330124593653e-14,0.353586733697056,0.264,0.148,7.20979541390065e-10
"MYO6",2.60575109688897e-14,0.300807455520409,0.611,0.461,8.80769928259439e-10
"TALDO1",2.77214870779074e-14,0.286532346272145,0.389,0.258,9.37013984720347e-10
"MT1F",4.54840002496939e-14,0.493556601931499,0.33,0.212,1.5374046924399e-09
"SERPINA1",5.13888977770719e-14,0.356206887961419,0.277,0.16,1.73699613376281e-09
"DDX3X",5.48290031036541e-14,0.308550694425596,0.355,0.227,1.85327513390661e-09
"ALCAM",6.04665696869596e-14,0.324296806474379,0.308,0.186,2.04383052198892e-09
"NDRG1",6.51631367065294e-14,0.373886641976116,0.418,0.284,2.2025791838174e-09
"UBE2W",8.39358991180754e-14,0.278763792602385,0.28,0.165,2.83711732609007e-09
"NABP1",9.64435035902512e-14,0.308232763162208,0.271,0.153,3.25988686485408e-09
"MAPK6",9.95503721045688e-14,0.264572899276167,0.277,0.16,3.36490212750653e-09
"OAT",1.04136754833681e-13,0.452206136974692,0.263,0.154,3.51992645013325e-09
"HMGB2",1.05276745576844e-13,0.334962058255986,0.285,0.17,3.55845927724289e-09
"JMJD1C",1.15057795309714e-13,0.338989207158787,0.526,0.383,3.88906853926365e-09
"TSC22D2",1.17215343250177e-13,0.41103601185752,0.307,0.191,3.96199581719922e-09
"MEF2A",1.42959822653849e-13,0.302774038851234,0.451,0.314,4.83218496552275e-09
"EGR1",1.47958542289915e-13,0.321014335624302,0.314,0.191,5.00114668794142e-09
"ZFP36L1",1.55609282991127e-13,0.277701856415162,0.633,0.489,5.25974937438308e-09
"MIR4435-2HG",1.62878159544872e-13,-0.81032714249925,0.352,0.423,5.50544467077622e-09
"RNF13",1.70625484828155e-13,0.280841660896738,0.291,0.175,5.76731201267645e-09
"ERBIN",1.798159653466e-13,0.259371637177791,0.458,0.317,6.07795944468044e-09
"TUBA1C",1.81743594354108e-13,0.304447264597377,0.391,0.257,6.1431152327632e-09
"LINC01578",1.82935427143725e-13,0.287153075624218,0.4,0.273,6.18340037288504e-09
"NUP98",2.02491962652951e-13,0.320034113262929,0.253,0.145,6.84443082963240e-09
"SERINC5",2.13437465593383e-13,0.279151200327425,0.28,0.164,7.21439977452192e-09
"NFKBIZ",2.15247770059463e-13,0.372829663716961,0.354,0.226,7.27558987577989e-09
"POLR2A",2.15472656482293e-13,0.302204332244848,0.297,0.18,7.28319126175798e-09
"G3BP1",2.61174132651983e-13,0.288295712243073,0.29,0.176,8.82794685776967e-09
"UGP2",2.66450805939453e-13,0.316643798939287,0.314,0.197,9.00630369155945e-09
"FBXW7",2.89282246684685e-13,0.361732913226256,0.268,0.159,9.77802922018903e-09
"DYNLL1",2.9839934273094e-13,0.338119059094275,0.559,0.423,1.00861961836485e-08
"RPL29",3.21064655838451e-13,-0.377321737942916,0.652,0.702,1.08523064319955e-08
"ACAP2",3.2579975468207e-13,0.303436787442484,0.317,0.197,1.10123575080086e-08
"LITAF",3.83828043862077e-13,0.274704568137051,0.582,0.439,1.29737717105821e-08
"ZFC3H1",4.65570424222888e-13,0.255163351341,0.259,0.149,1.57367459091579e-08
"EMP1",5.81042029569016e-13,0.500110489758754,0.365,0.248,1.96398016414623e-08
"PPP1R15A",6.70070016352402e-13,0.339781787151294,0.489,0.349,2.26490366227275e-08
"BLVRB",7.24588787372093e-13,0.262002146854019,0.368,0.244,2.44918256019641e-08
"RASAL2",7.72962709937532e-13,0.306649205239969,0.304,0.188,2.61269125585985e-08
"BZW1",8.03831988785933e-13,0.27047090116484,0.446,0.314,2.71703250529533e-08
"ATOX1",8.45833609125869e-13,0.361113125482482,0.393,0.271,2.85900218220635e-08
"KMT2E",9.01678227258985e-13,0.326049471625192,0.371,0.25,3.0477625759581e-08
"JUND",9.19949911984084e-13,0.32522181559746,0.582,0.45,3.1095226974974e-08
"NUFIP2",1.19634917726497e-12,0.25563055084051,0.318,0.203,4.04377985407332e-08
"TOP1",1.32255344848766e-12,0.273122787220323,0.429,0.301,4.47036291123312e-08
"IQGAP1",1.36449856208079e-12,0.297525433324994,0.471,0.345,4.61214158968928e-08
"KANSL1L",1.43861782216008e-12,0.328998681889201,0.304,0.191,4.86267210068328e-08
"ADAMTS9",1.72649101693286e-12,-0.545381630107523,0.385,0.465,5.83571228633477e-08
"UBL3",1.72791645682621e-12,0.260839649864954,0.28,0.17,5.84053041571828e-08
"SLC25A37",1.82374554806047e-12,0.506138140215433,0.378,0.259,6.16444232699919e-08
"RPL8",2.22486216790277e-12,-0.282580652509021,0.702,0.762,7.52025661372817e-08
"STK3",2.50928026126031e-12,0.301673544730379,0.316,0.203,8.48161821108598e-08
"MIDN",2.76410950159928e-12,0.309943348937541,0.346,0.226,9.34296652635571e-08
"TPM1",3.04918585967782e-12,-0.667182975349701,0.502,0.56,1.0306553124297e-07
"S100A9",3.33656877607071e-12,1.33430289213641,0.593,0.512,1.12779361199966e-07
"ABHD3",3.8111107003367e-12,0.312217778151657,0.287,0.178,1.28819352782081e-07
"SIPA1L1",4.02941775932452e-12,0.252096246370068,0.362,0.239,1.36198349682928e-07
"KIF1B",4.49815078834674e-12,0.337090867487966,0.296,0.19,1.52041994796908e-07
"RAB7A",5.00753764569208e-12,0.295392028302786,0.474,0.34,1.69259779962038e-07
"HERPUD1",5.07947719306703e-12,0.361818148630222,0.345,0.232,1.71691408602859e-07
"MARCH7",5.19285752342302e-12,0.254457577584454,0.273,0.167,1.75523777149222e-07
"AC019197.1",6.18050991374255e-12,-0.295266075622643,0.301,0.408,2.08907415594412e-07
"N4BP1",6.49492848057003e-12,0.397719861066244,0.25,0.15,2.19535077571748e-07
"RBM47",6.83779689244339e-12,0.2714846703968,0.579,0.438,2.31124372761479e-07
"KMT2C",7.00990077872769e-12,0.250646699874264,0.407,0.285,2.36941656221775e-07
"S100A8",8.69824003077744e-12,1.6085444661386,0.494,0.415,2.94009211280308e-07
"IFRD1",8.70439100670733e-12,0.312030555752473,0.33,0.216,2.94217120417714e-07
"TANC2",9.150793479372e-12,0.342067178122906,0.301,0.194,3.09305970396253e-07
"CD44",1.05034439878873e-11,0.352477367004588,0.46,0.329,3.55026910234578e-07
"KATNBL1",1.11832905794866e-11,0.323221945173285,0.357,0.242,3.78006404877228e-07
"PTEN",1.27600776079117e-11,0.276364566761974,0.334,0.221,4.31303383225024e-07
"TXN",1.4303817140252e-11,0.495806106285628,0.575,0.469,4.83483323157657e-07
"SF3B1",1.7302927893312e-11,0.293002672812677,0.351,0.241,5.84856265721839e-07
"WDFY3",1.85991206049978e-11,0.276615822092476,0.351,0.237,6.28668875569531e-07
"FAM172A",2.06341875928258e-11,0.272391275854179,0.28,0.175,6.97456174825103e-07
"ZMYM2",2.48335169786237e-11,0.312027764423318,0.286,0.185,8.3939770739446e-07
"KRT7",2.97799124022869e-11,-0.420763639015969,0.442,0.51,1.0065908191097e-06
"CLIC1",2.98845102913362e-11,-0.548211257473034,0.432,0.492,1.01012633235745e-06
"FOXO3",3.13729900035547e-11,0.300758183844028,0.412,0.291,1.06043843511015e-06
"S100A10",3.31423771093636e-11,-0.416108356044595,0.68,0.724,1.1202454886736e-06
"RPS4X",3.56439065697885e-11,-0.438950539317036,0.573,0.631,1.20479968596542e-06
"IL1RN",3.58524016217586e-11,0.514972232311287,0.283,0.183,1.21184702721706e-06
"SLMAP",3.70073955380603e-11,0.262660702070906,0.355,0.241,1.25088697658198e-06
"UBE2H",4.12301125882834e-11,0.264119354826145,0.578,0.439,1.39361903559657e-06
"UBE2R2",4.33851067576611e-11,0.357698299680318,0.316,0.213,1.4664599935157e-06
"ACTR2",4.34372941281038e-11,0.272724762785239,0.432,0.314,1.46822397882404e-06
"ITM2B",4.77233159056898e-11,-0.416652603478775,0.686,0.699,1.61309580092822e-06
"RPL19",5.27795815674088e-11,-0.304458146850763,0.695,0.747,1.78400263655999e-06
"ARHGAP21",6.23889811728646e-11,0.253154886531837,0.251,0.154,2.108809952624e-06
"RBPJ",6.25977931974631e-11,0.263105694471601,0.308,0.203,2.11586800786745e-06
"MT2A",6.51646797206159e-11,0.76745514052122,0.671,0.579,2.20263133923654e-06
"SGMS1",6.54251630675748e-11,0.301917188021265,0.276,0.177,2.2114359368471e-06
"RAPGEF2",6.69669887931654e-11,0.307683426386653,0.331,0.223,2.26355118819778e-06
"SLC38A2",6.75107530663697e-11,0.306672728183867,0.414,0.294,2.28193096439636e-06
"KANSL1",9.38682919089512e-11,0.256264457471458,0.426,0.303,3.17284213481446e-06
"NUMB",1.14834748777921e-10,0.280245680463886,0.37,0.257,3.88152934344252e-06
"MBOAT2",1.32122262083934e-10,0.274493060420033,0.254,0.158,4.46586458069904e-06
"WAC",1.49935638438432e-10,0.259745312412601,0.385,0.272,5.06797451485743e-06
"DUSP5",1.82623898600131e-10,0.314983873282189,0.37,0.252,6.17287039658303e-06
"KRT18",1.86334137340994e-10,-0.331218405638849,0.538,0.591,6.29828017626293e-06
"PUM2",1.92136397812205e-10,0.253192924536967,0.333,0.227,6.49440238245034e-06
"TCF12",1.95968071883761e-10,0.322338478634872,0.34,0.235,6.623916797743e-06
"PIM3",2.09692824090921e-10,0.310835500189893,0.271,0.176,7.08782714709721e-06
"FNDC3B",2.16891835122026e-10,0.330428682816502,0.629,0.503,7.33116091895959e-06
"TMTC2",2.6218504735308e-10,0.390582710157047,0.252,0.157,8.86211678558147e-06
"ZNF292",3.50217076942653e-10,0.265391232907115,0.478,0.36,1.18376874177386e-05
"SPP1",4.9003016091258e-10,-0.447204097136044,0.357,0.445,1.65635094690061e-05
"TNFRSF12A",5.89805255566855e-10,-0.569091632501477,0.292,0.358,1.99360074434153e-05
"TMPRSS2",6.63827392837167e-10,0.551665093181964,0.279,0.187,2.24380297052891e-05
"SEC61G",6.75098416645782e-10,0.309921616728488,0.452,0.355,2.28190015810441e-05
"NRDC",7.30601734834214e-10,0.263489558933912,0.272,0.176,2.46950692391313e-05
"B2M",1.21524328249682e-09,-0.324626156602823,0.888,0.888,4.10764381916751e-05
"PEBP1",1.39363242410368e-09,-0.513948460372563,0.394,0.447,4.71061695671286e-05
"ENO1",1.46826666521514e-09,-0.44956675578009,0.531,0.574,4.96288815509369e-05
"RPL6",1.75947221840224e-09,-0.342019143159255,0.634,0.678,5.9471920454214e-05
"MMP7",2.07073887256391e-09,-0.369430860315809,0.509,0.556,6.99930446315328e-05
"HSPD1",2.22582766090488e-09,0.322848775222272,0.426,0.318,7.5235200766246e-05
"SKAP2",2.46156920396788e-09,0.303700959795766,0.277,0.186,8.32035006633182e-05
"PPIB",2.83403156613295e-09,-0.51058356584426,0.364,0.427,9.57931009668597e-05
"NDUFA4",3.05655188725461e-09,-0.493291032796263,0.479,0.537,0.000103314510341093
"ATP5MC3",3.0747826861816e-09,-0.593387995904321,0.335,0.395,0.000103930729575624
"PPP1R12A",3.95832233657883e-09,0.255097214263987,0.276,0.187,0.000133795253298701
"SQSTM1",6.48249233822167e-09,0.31865208251156,0.713,0.634,0.000219114723524231
"SHOC2",8.55860861098264e-09,0.253093811778817,0.289,0.199,0.000289289529659824
"METAP2",1.12371332102304e-08,0.250675971931358,0.271,0.184,0.000379826339638996
"MUC20",1.60254985770432e-08,0.302239815775434,0.393,0.286,0.000541677877402637
"UBA52",2.25881753039561e-08,0.252717262467087,0.662,0.585,0.00076350291344902
"CYBA",2.39641127681631e-08,0.281889869029317,0.492,0.376,0.00081001097567668
"SELENOP",2.44747407092204e-08,0.499501301245785,0.286,0.202,0.000827270710712359
"EIF5A",2.74332280713098e-08,-0.524489331988379,0.387,0.435,0.000927270542038343
"PKM",3.62289427788618e-08,-0.375500175243918,0.631,0.648,0.00122457449486831
"ATP5F1B",3.98952578680374e-08,-0.530861630434999,0.356,0.406,0.00134849961119753
"GDF15",4.83386058051426e-08,0.294276407032277,0.448,0.343,0.00163389321481962
"FXYD2",4.8516872863181e-08,-0.536477523493688,0.412,0.482,0.00163991881964838
"ITGA3",5.76675526633122e-08,-0.557034172405601,0.343,0.394,0.00194922094757262
"SPINT2",7.53424056182291e-08,-0.464549661282054,0.42,0.461,0.00254664865230176
"PPIA",8.17794217238915e-08,-0.356851401492049,0.644,0.653,0.00276422623368926
"PTPRK",9.52954833845782e-08,0.283176658689908,0.444,0.345,0.00322108263388213
"SPTAN1",9.58943519305827e-08,0.250584743922568,0.389,0.297,0.00324132498960562
"SYTL2",1.22238106825792e-07,-0.523872222633734,0.322,0.376,0.0041317702488186
"MET",1.44697079066644e-07,-0.514862879304193,0.379,0.425,0.00489090596953163
"SPRR2A",1.57847351352888e-07,0.894996504466881,0.269,0.205,0.00533539832307896
"C12orf75",2.61728253083716e-07,-0.384534231435756,0.429,0.481,0.00884667668248267
"EPS8L1",3.08947491601377e-07,0.381046548165534,0.284,0.207,0.0104427341636181
"NAV2",4.32928104445045e-07,-0.574295492557339,0.223,0.277,0.014633402858347
"UBR5",4.50596809025837e-07,0.252932392202777,0.264,0.191,0.0152306227418823
"MT1E",4.54162568376426e-07,0.651692957876546,0.482,0.402,0.0153511489736916
"UQCRH",5.58218970005962e-07,-0.422416840672809,0.452,0.495,0.0188683594051715
"EPB41L1",5.85196794468793e-07,-0.424630612179915,0.203,0.259,0.0197802368498397
"LIMA1",6.24457737229121e-07,-0.529008298512618,0.318,0.365,0.0211072959760815
"CSTB",7.05554265092832e-07,0.312985887164074,0.639,0.567,0.0238484397144028
"G0S2",7.63438566396706e-07,-0.957452828261218,0.259,0.304,0.0258049869827751
"CHCHD10",7.93513370199138e-07,-0.502766295391381,0.367,0.41,0.0268215454261011
"RPS7",1.68565835260111e-06,-0.290657315834953,0.622,0.663,0.05697693797627
"NAALADL2",1.75424967469488e-06,0.307014646761844,0.321,0.246,0.0592953932543616
"CD151",2.02806383083683e-06,-0.440753622081867,0.345,0.388,0.0685505855461157
"OXR1",2.25428207728436e-06,0.299399670919883,0.308,0.232,0.0761969884942888
"MYL12B",2.37180026556918e-06,-0.300771828904639,0.586,0.622,0.0801692207765038
"SPTBN1",2.48524600769844e-06,-0.507577511610037,0.426,0.457,0.0840038003062149
"RPL3",3.10500474912833e-06,-0.257661984219234,0.699,0.721,0.104952265525287
"RPL5",3.2743473253565e-06,-0.290022298745759,0.542,0.59,0.110676213944375
"LMO7",3.39819312574839e-06,0.359040288190995,0.39,0.313,0.114862325843421
"MAL2",3.54464606536473e-06,-0.28913969188469,0.452,0.508,0.119812581655393
"CSRP1",3.87548222737742e-06,-0.500694142976347,0.224,0.274,0.130995174767584
"HMGCS1",4.17896590693048e-06,-0.615000202698579,0.261,0.308,0.141253226620157
"PLAU",4.20241683249079e-06,-0.629163021925029,0.394,0.419,0.142045891355021
"RPL14",4.57338865134473e-06,-0.253055444350174,0.638,0.667,0.154585109804103
"NDUFA1",4.8061431671595e-06,-0.361500584138004,0.444,0.49,0.162452445193158
"PRSS22",5.69921360247734e-06,0.839990561104647,0.329,0.261,0.192639118977337
"MGLL",7.48214753224192e-06,-0.535918652889304,0.273,0.319,0.252904068737309
"CYSTM1",8.97065468209135e-06,-0.307137860528524,0.498,0.532,0.30321709890937
"HSPE1",1.84056373296012e-05,0.254910949809607,0.457,0.381,0.622128947377852
"EPCAM",2.2296168769083e-05,-0.39465443220151,0.408,0.445,0.753632800563776
"PRDX5",2.80822262018325e-05,-0.346152372501438,0.444,0.48,0.949207327848139
"CD63",3.06255595875942e-05,-0.263850073193335,0.574,0.599,1
"PPFIBP1",3.51369154244009e-05,-0.432561471895951,0.348,0.385,1
"ANXA2",3.64197964996738e-05,-0.30748273775845,0.647,0.664,1
"COX6A1",4.08719286892556e-05,-0.381807034476396,0.463,0.487,1
"ATP1A1",4.21664234735138e-05,-0.555971211599389,0.468,0.471,1
"WWC1",4.32830628511341e-05,-0.439257667994153,0.307,0.351,1
"ANXA1",4.39592323335006e-05,0.644248288756023,0.401,0.342,1
"ATP5MC2",4.51762054248104e-05,-0.428774642883182,0.427,0.454,1
"RHOC",5.77198631802505e-05,-0.436527268439255,0.383,0.416,1
"COX4I1",5.84058238695123e-05,-0.295894029306697,0.527,0.553,1
"LDHB",0.000103842774991279,-0.409126911517191,0.335,0.376,1
"PSME1",0.000108906555930722,-0.447856710933224,0.347,0.374,1
"PFKP",0.000112617643862254,-0.417448287319351,0.312,0.351,1
"S100A16",0.000112870793391074,-0.452754526864501,0.325,0.361,1
"BAG1",0.000116748064191898,-0.486162508370485,0.255,0.291,1
"ITGB1",0.000144422226963955,-0.292489847976041,0.594,0.595,1
"CALR",0.000158223809949388,-0.407318545147764,0.527,0.527,1
"PPDPF",0.000214771924003002,-0.261382706855279,0.637,0.642,1
"CLDN3",0.000255718435755527,-0.343011872707419,0.247,0.287,1
"RACK1",0.000256006696560692,-0.289271955000874,0.562,0.572,1
"KRT19",0.000266250670472954,-0.295392878378326,0.613,0.622,1
"COX7C",0.000301589079038155,-0.252465093822577,0.559,0.579,1
"NDUFB9",0.000360846162440425,-0.386788411839781,0.346,0.376,1
"CLDN4",0.000372072085324332,-0.366557485258546,0.578,0.59,1
"COX7B",0.000552609216105022,-0.358937368366375,0.413,0.434,1
"CCND1",0.000605288228350761,-0.396708694638097,0.314,0.346,1
"BSG",0.000726641301395193,-0.321083506219433,0.48,0.482,1
"SHROOM3",0.000729391142261825,-0.367510638506725,0.239,0.276,1
"CDH1",0.00076108403183547,-0.344967223841044,0.366,0.397,1
"VIM",0.000904020291657037,-0.290382733217581,0.476,0.394,1
"HNRNPA1",0.00093399685610759,-0.358339847577238,0.448,0.459,1
"ATP5F1C",0.000941988572369505,-0.451334696506417,0.288,0.313,1
"SNHG29",0.00102818655184117,-0.294331842268425,0.48,0.5,1
"ATP5MC1",0.00111561278279231,-0.46620825183407,0.245,0.273,1
"SCIN",0.00129977772518369,-0.300867105046273,0.294,0.327,1
"CYTOR",0.00140518458474682,-0.391007130507142,0.37,0.389,1
"OGDH",0.00166350089252173,-0.397189275370954,0.297,0.327,1
"CD9",0.00172237610978148,-0.324939097523214,0.465,0.476,1
"ACTN4",0.00174639959738065,-0.303797583193866,0.578,0.568,1
"PLAUR",0.00183791820277376,-0.596614812223376,0.419,0.413,1
"ATP5F1A",0.0020980425554082,-0.339813829652667,0.241,0.27,1
"ATP5PF",0.0021119027716491,-0.312942675218496,0.37,0.394,1
"MALAT1",0.00257761269016507,0.385893327471653,0.951,0.928,1
"ATP5F1D",0.00273345695567864,-0.340892110446182,0.397,0.412,1
"UQCR10",0.00282954147183182,-0.323019941389497,0.442,0.451,1
"TINAGL1",0.00286381772585509,-0.47169869898626,0.237,0.265,1
"MICOS10",0.00292671136696155,-0.346520862118941,0.401,0.418,1
"UQCRC1",0.00293479450822021,-0.376488820892526,0.23,0.256,1
"ATP5MF",0.0031322171807973,-0.33458559890296,0.418,0.441,1
"GPRC5C",0.00327175845263894,-0.295387120515443,0.268,0.299,1
"CRYAB",0.00336928394049971,-0.252366571554433,0.535,0.579,1
"NDUFS8",0.00346995586470343,-0.338670952860238,0.27,0.297,1
"ATP5MG",0.00394257829695839,-0.297966455628084,0.519,0.522,1
"ST14",0.00529352716198588,-0.351719779314374,0.307,0.325,1
"MRPL33",0.00550490259408896,-0.325794324563878,0.478,0.496,1
"ATP5PD",0.00588347108018445,-0.387031880024782,0.321,0.336,1
"DST",0.00667845112508986,-0.372018394110412,0.357,0.377,1
"DMKN",0.00753663112500583,-0.317374785468243,0.24,0.268,1
"CTSH",0.00879731789639988,-0.351500540136102,0.268,0.289,1
"COX6C",0.0089132196925563,-0.357075036049988,0.47,0.469,1
"NDUFA6",0.00927387446846259,-0.361123135162959,0.271,0.288,1
"MYL12A",0.0100892377567161,-0.312540297067636,0.582,0.558,1
"TRIM8",0.010274821413832,-0.278955659099157,0.246,0.271,1
"NDUFA3",0.0131074499105354,-0.334573021252437,0.364,0.376,1
"FLNB",0.0137120274338042,-0.3671318797385,0.301,0.32,1
"MYOF",0.0144300427090304,-0.354603135450661,0.348,0.363,1
"ATP5ME",0.0165185475571569,-0.315507558800904,0.513,0.505,1
"CST3",0.0166456992654061,-0.308224001796926,0.469,0.469,1
"RAB11FIP1",0.0198400219345974,-0.297586256726496,0.449,0.46,1
"HINT1",0.0221239485293245,-0.27620425684794,0.483,0.485,1
"AHNAK",0.0226052961049465,-0.381582834044208,0.385,0.385,1
"MECOM",0.0229321740359533,0.484094044403637,0.421,0.394,1
"COX5B",0.0245218302316036,-0.318260103284795,0.482,0.472,1
"SREBF2",0.0256467170893576,-0.338650082589596,0.232,0.253,1
"PRDX2",0.0260365949702534,-0.383105370316188,0.295,0.311,1
"NUPR1",0.0289753322946393,-0.382303788930959,0.237,0.252,1
"NDUFS5",0.0313946360486899,-0.259499190933718,0.454,0.454,1
"AIF1L",0.0340382894403926,-0.320835069377786,0.297,0.312,1
"NDUFC1",0.0361564867144488,-0.291122020971187,0.356,0.363,1
"AGAP1",0.0376925065027902,-0.370109642708672,0.274,0.286,1
"LMAN1",0.039056842214482,-0.278116687380534,0.241,0.256,1
"SSR2",0.0405399522750524,-0.346996646150506,0.262,0.275,1
"VCL",0.042238707213452,-0.325981455676617,0.36,0.37,1
"HIGD2A",0.0428373070613403,-0.320673778881163,0.259,0.271,1
"SLIRP",0.0492889616932654,-0.264870419610943,0.293,0.306,1
"MYH9",0.0571847299144485,-0.289290469639905,0.443,0.436,1
"MYO1E",0.0576877245936074,-0.318174205918462,0.459,0.441,1
"ITGA2",0.057773485515201,-0.457816759698013,0.432,0.424,1
"KRT13",0.059978978192581,0.459448182608752,0.261,0.251,1
"ISCU",0.063140495669334,-0.279123747470095,0.261,0.275,1
"TJP2",0.068768331424064,-0.2787535725615,0.322,0.328,1
"UQCRQ",0.0731896325856056,-0.30067335182117,0.429,0.433,1
"NDUFB2",0.0814146189725523,-0.271653926352542,0.424,0.426,1
"PDE4D",0.0869835629449212,0.275167984143865,0.413,0.376,1
"TLE5",0.102159508069514,-0.280223355732959,0.431,0.416,1
"MRPS6",0.104424574505899,-0.399439753358434,0.318,0.271,1
"ASAP2",0.114613043636662,-0.271802677820846,0.285,0.292,1
"SLC25A5",0.116434028483037,-0.309035162970424,0.308,0.309,1
"NDUFB10",0.123405393272996,-0.26169663290203,0.247,0.258,1
"NDUFA7",0.126629039055059,-0.257679953335207,0.247,0.255,1
"YBX1",0.129234451519524,-0.25454290012418,0.518,0.499,1
"ATP5PO",0.130574317526686,-0.306959524223272,0.263,0.265,1
"FARP1",0.132166912285425,-0.33220923537456,0.374,0.368,1
"MAL",0.13637805904631,0.361996772970485,0.52,0.5,1
"RALBP1",0.137873503441432,-0.382227386384725,0.37,0.359,1
"DDX24",0.139765403561763,-0.251940780081137,0.295,0.304,1
"PAX8",0.144415608607921,-0.262544586121126,0.389,0.392,1
"ITGAV",0.144679051206985,-0.271619665777725,0.347,0.346,1
"CAPNS1",0.145083296304136,-0.288415466172426,0.371,0.367,1
"COX5A",0.148790326052054,-0.345608125219873,0.32,0.319,1
"ENSA",0.162999090961691,-0.282869254213733,0.254,0.261,1
"JUP",0.205146781067828,-0.255239369410706,0.404,0.397,1
"NFKBIA",0.234228124873594,-0.307222415349054,0.43,0.413,1
"RER1",0.243110282022483,-0.283450010371604,0.269,0.271,1
"MRPS21",0.248199102731865,-0.281541295099161,0.306,0.304,1
"CIAO2B",0.260069263054887,-0.26916652455837,0.293,0.294,1
"KDELR1",0.291354604918118,-0.322562373819189,0.295,0.289,1
"ANAPC16",0.36824018782745,-0.250473765400956,0.337,0.327,1
"NDUFB3",0.378393165255651,-0.290286968418719,0.274,0.273,1
"H1F0",0.379755774367583,-0.303742954288582,0.318,0.312,1
"SPRR3",0.39208186869954,1.24987357698144,0.323,0.35,1
"PROM1",0.418250100194258,-0.312937695892683,0.271,0.263,1
"AKR1B1",0.453791750927257,-0.358612338239873,0.269,0.242,1
"BCL2L1",0.533685834895536,-0.288853264637364,0.296,0.285,1
"SYNE2",0.573173605215083,-0.26528140290247,0.512,0.459,1
"RND3",0.574913480657473,-0.314302741204968,0.398,0.352,1
"SET",0.588454919764742,-0.275491553595435,0.469,0.444,1
"LARGE1",0.625744614485506,-0.27732201812757,0.287,0.28,1
"LSR",0.638030853555045,-0.281456052691931,0.258,0.247,1
"NECTIN2",0.643274284075233,-0.271951017418334,0.269,0.263,1
"MRPL41",0.675479550172772,-0.282703793784952,0.33,0.312,1
"TMEM238",0.782151808891915,-0.322366716029498,0.251,0.236,1
"TIMP1",0.823105148299767,-0.428602572716505,0.32,0.304,1
"TSTD1",0.833352071510929,-0.303754547592468,0.272,0.257,1
"SEC62",0.969122853316357,-0.252766627109482,0.373,0.344,1
